site,run_type,title,url,score,compatible,matched_categories,checked_at
Silverfort,NEW,Full Stack Tech Lead,https://www.silverfort.com/careers/co/tel-aviv-israel/E8.E66/full-stack-tech-lead/all/,40,False,role,2026-08-03T14:50:18
Happly AI,NEW,צפייה,https://www.linkedin.com/jobs/view/4402309668,0,False,,2026-08-03T14:51:00
Happly AI,NEW,צפייה,https://il.linkedin.com/jobs/view/product-manager-at-gotfriends-4445869597?trk=public_jobs_topcard-title,0,False,,2026-08-03T14:51:00
Happly AI,NEW,צפייה,https://www.linkedin.com/jobs/view/4445877498,0,False,,2026-08-03T14:51:00
Happly AI,NEW,צפייה,https://il.linkedin.com/jobs/view/senior-c%2B%2B-engineer-%E2%80%93-ai-inference-runtime-performance-at-gsi-technology-4448157120?trk=public_jobs_topcard-title,0,False,,2026-08-03T14:51:00
Happly AI,NEW,צפייה,https://www.linkedin.com/jobs/view/4402323658,0,False,,2026-08-03T14:51:00
Happly AI,NEW,צפייה,https://il.linkedin.com/jobs/view/%D7%9E%D7%99%D7%99%D7%A9%D7%9D-priority-4445841823?trk=public_jobs_topcard-title,0,False,,2026-08-03T14:51:00
Happly AI,NEW,צפייה,https://www.linkedin.com/jobs/view/4439729400,0,False,,2026-08-03T14:51:00
Happly AI,NEW,צפייה,https://il.linkedin.com/jobs/view/backend-team-lead-at-gotfriends-4445877497?trk=public_jobs_topcard-title,0,False,,2026-08-03T14:51:00
Happly AI,NEW,צפייה,https://www.linkedin.com/jobs/view/4402317648,0,False,,2026-08-03T14:51:00
Happly AI,NEW,צפייה,https://www.linkedin.com/jobs/view/4418571499,0,False,,2026-08-03T14:51:00
Happly AI,NEW,צפייה,https://il.linkedin.com/jobs/view/ai-engineer-at-cellebrite-4447901315?trk=public_jobs_topcard-title,0,False,,2026-08-03T14:51:00
Happly AI,NEW,צפייה,https://il.linkedin.com/jobs/view/cyber-threat-investigator-at-comblack-4447008470?trk=public_jobs_topcard-title,0,False,,2026-08-03T14:51:00
Happly AI,NEW,צפייה,https://www.linkedin.com/jobs/view/4447895790,0,False,,2026-08-03T14:51:00
Happly AI,NEW,צפייה,https://il.linkedin.com/jobs/view/experienced-js-back-end-developer-%E2%80%94-visual-challenge-solving-platform-at-bright-data-4447667070?trk=public_jobs_topcard-title,0,False,,2026-08-03T14:51:00
Happly AI,NEW,צפייה,https://il.linkedin.com/jobs/view/backend-engineer-at-lendbuzz-4439732498?trk=public_jobs_topcard-title,0,False,,2026-08-03T14:51:00
Happly AI,NEW,צפייה,https://il.linkedin.com/jobs/view/backend-software-engineer-at-dialog-4445872800?trk=public_jobs_topcard-title,0,False,,2026-08-03T14:51:00
Happly AI,NEW,צפייה,https://www.linkedin.com/jobs/view/4447873863,0,False,,2026-08-03T14:51:00
Happly AI,NEW,צפייה,https://il.linkedin.com/jobs/view/senior-technical-recruiter-at-palo-alto-networks-4447663143?trk=public_jobs_topcard-title,0,False,,2026-08-03T14:51:00
Happly AI,NEW,צפייה,https://www.linkedin.com/jobs/view/4439674581,0,False,,2026-08-03T14:51:00
Happly AI,NEW,צפייה,https://www.linkedin.com/jobs/view/4445857400,0,False,,2026-08-03T14:51:00
Happly AI,NEW,צפייה,https://il.linkedin.com/jobs/view/call-center-sales-training-performance-manager-at-pango-4447661101?trk=public_jobs_topcard-title,0,False,,2026-08-03T14:51:00
Happly AI,NEW,צפייה,https://il.linkedin.com/jobs/view/backend-team-lead-at-rakuten-viber-4447893979?trk=public_jobs_topcard-title,0,False,,2026-08-03T14:51:00
Happly AI,NEW,צפייה,https://www.linkedin.com/jobs/view/4437155244,0,False,,2026-08-03T14:51:00
Happly AI,NEW,צפייה,https://il.linkedin.com/jobs/view/qa-automation-engineer-at-starhunter-4445878559?trk=public_jobs_topcard-title,0,False,,2026-08-03T14:51:00
Happly AI,NEW,צפייה,https://il.linkedin.com/jobs/view/backend-professional-lead-bit-7422-at-bank-hapoalim-%D7%91%D7%A0%D7%A7-%D7%94%D7%A4%D7%95%D7%A2%D7%9C%D7%99%D7%9D-4447656130?trk=public_jobs_topcard-title,0,False,,2026-08-03T14:51:00
Happly AI,NEW,צפייה,https://il.linkedin.com/jobs/view/embedded-software-engineer-linux-python-4447649671?trk=public_jobs_topcard-title,0,False,,2026-08-03T14:51:00
Happly AI,NEW,צפייה,https://il.linkedin.com/jobs/view/back-end-developer-at-stealth-startup-4445869495?trk=public_jobs_topcard-title,0,False,,2026-08-03T14:51:00
Happly AI,NEW,צפייה,https://www.linkedin.com/jobs/view/4445860138,0,False,,2026-08-03T14:51:00
Happly AI,NEW,צפייה,https://il.linkedin.com/jobs/view/back-end-ai-developer-at-compie-technologies-4448142620?trk=public_jobs_topcard-title,0,False,,2026-08-03T14:51:00
Happly AI,NEW,צפייה,https://il.linkedin.com/jobs/view/software-developer-at-infotree-global-solutions-4447913019?trk=public_jobs_topcard-title,0,False,,2026-08-03T14:51:00
Happly AI,NEW,צפייה,https://www.linkedin.com/jobs/view/4448111310,0,False,,2026-08-03T14:51:00
Happly AI,NEW,צפייה,https://www.linkedin.com/jobs/view/4391071279,0,False,,2026-08-03T14:51:00
Happly AI,NEW,צפייה,https://il.linkedin.com/jobs/view/python-developer-at-sharpies-pro-4447671187?trk=public_jobs_topcard-title,0,False,,2026-08-03T14:51:00
Happly AI,NEW,צפייה,https://www.linkedin.com/jobs/view/4447901353,0,False,,2026-08-03T14:51:00
Happly AI,NEW,צפייה,https://www.linkedin.com/jobs/view/4445857189,0,False,,2026-08-03T14:51:00
Happly AI,NEW,צפייה,https://il.linkedin.com/jobs/view/java-software-engineer-at-datateam-4448126517?trk=public_jobs_topcard-title,0,False,,2026-08-03T14:51:00
Happly AI,NEW,צפייה,https://www.linkedin.com/jobs/view/4448101916,0,False,,2026-08-03T14:51:00
Happly AI,NEW,צפייה,https://www.linkedin.com/jobs/view/4412461709,0,False,,2026-08-03T14:51:00
Happly AI,NEW,צפייה,https://il.linkedin.com/jobs/view/robotics-application-engineer-student-position-50%25-at-servotronix-motion-control-4445873706?trk=public_jobs_topcard-title,0,False,,2026-08-03T14:51:00
Happly AI,NEW,צפייה,https://www.linkedin.com/jobs/view/4438164416,0,False,,2026-08-03T14:51:00
Happly AI,NEW,צפייה,https://www.linkedin.com/jobs/view/4447683486,0,False,,2026-08-03T14:51:00
Happly AI,NEW,צפייה,https://www.linkedin.com/jobs/view/4371409108,0,False,,2026-08-03T14:51:00
Happly AI,NEW,צפייה,https://il.linkedin.com/jobs/view/%D7%A1%D7%98%D7%95%D7%93%D7%A0%D7%98-%D7%99%D7%AA-%D7%9C%D7%A2%D7%91%D7%95%D7%93%D7%94-%D7%9E%D7%A9%D7%A8%D7%93%D7%99%D7%AA-%D7%95%D7%92%D7%9E%D7%99%D7%A9%D7%94-4413321407?trk=public_jobs_topcard-title,0,False,,2026-08-03T14:51:00
Happly AI,NEW,צפייה,https://il.linkedin.com/jobs/view/penetration-testing-red-team-specialist-37156%C2%A0-at-%D7%9E%D7%A8%D7%98%D7%A0%D7%A1-mertens-%E2%80%93-%D7%9E%D7%A7%D7%91%D7%95%D7%A6%D7%AA-%D7%9E%D7%9C%D7%9D-%D7%AA%D7%99%D7%9D-4448148156?trk=public_jobs_topcard-title,0,False,,2026-08-03T14:51:00
Happly AI,NEW,צפייה,https://www.linkedin.com/jobs/view/4445873848,0,False,,2026-08-03T14:51:00
Happly AI,NEW,צפייה,https://www.linkedin.com/jobs/view/4445840330,0,False,,2026-08-03T14:51:00
Happly AI,NEW,צפייה,https://www.linkedin.com/jobs/view/4447885969,0,False,,2026-08-03T14:51:00
Happly AI,NEW,צפייה,https://www.linkedin.com/jobs/view/4445840979,0,False,,2026-08-03T14:51:00
Happly AI,NEW,צפייה,https://www.linkedin.com/jobs/view/4447671142,0,False,,2026-08-03T14:51:00
Happly AI,NEW,צפייה,https://il.linkedin.com/jobs/view/%F0%9F%9A%80-one-technologies-is-hiring-senior-cyber-researcher-red-team-penetration-tester-at-one-technologies-4445837564?trk=public_jobs_topcard-title,0,False,,2026-08-03T14:51:00
Happly AI,NEW,צפייה,https://il.linkedin.com/jobs/view/senior-mobile-developer-flutter-at-finonex-4442989250?trk=public_jobs_topcard-title,0,False,,2026-08-03T14:51:00
Happly AI,NEW,צפייה,https://il.linkedin.com/jobs/view/artificial-intelligence-engineer-at-medulla-4443764446?trk=public_jobs_topcard-title,0,False,,2026-08-03T14:51:00
Happly AI,NEW,צפייה,https://il.linkedin.com/jobs/view/seo-expert-at-syrup-digital-media-ltd-4445847317?trk=public_jobs_topcard-title,0,False,,2026-08-03T14:51:00
Happly AI,NEW,צפייה,https://www.linkedin.com/jobs/view/4448154139,0,False,,2026-08-03T14:51:00
Happly AI,NEW,צפייה,https://www.linkedin.com/jobs/view/4447699352,0,False,,2026-08-03T14:51:00
Happly AI,NEW,צפייה,https://www.linkedin.com/jobs/view/4447654314,0,False,,2026-08-03T14:51:00
Happly AI,NEW,צפייה,https://www.linkedin.com/jobs/view/4167481898,0,False,,2026-08-03T14:51:00
Happly AI,NEW,צפייה,https://il.linkedin.com/jobs/view/backend-team-lead-at-sleek-4448138584?trk=public_jobs_topcard-title,0,False,,2026-08-03T14:51:00
Happly AI,NEW,צפייה,https://www.linkedin.com/jobs/view/4445837730,0,False,,2026-08-03T14:51:00
Happly AI,NEW,צפייה,https://il.linkedin.com/jobs/view/experienced-bookkeeper-and-payroll-accountant-at-blackedge-4445848465?trk=public_jobs_topcard-title,0,False,,2026-08-03T14:51:00
Happly AI,NEW,צפייה,https://www.linkedin.com/jobs/view/4167484554,0,False,,2026-08-03T14:51:00
Happly AI,NEW,צפייה,https://www.linkedin.com/jobs/view/4445845397,0,False,,2026-08-03T14:51:00
Happly AI,NEW,צפייה,https://www.linkedin.com/jobs/view/4445856088,0,False,,2026-08-03T14:51:00
Happly AI,NEW,צפייה,https://www.linkedin.com/jobs/view/4447659701,0,False,,2026-08-03T14:51:00
Happly AI,NEW,צפייה,https://www.linkedin.com/jobs/view/4374840687,0,False,,2026-08-03T14:51:00
Happly AI,NEW,צפייה,https://il.linkedin.com/jobs/view/senior-data-architect-at-horizon-technologies-ltd-4445864685?trk=public_jobs_topcard-title,0,False,,2026-08-03T14:51:00
Happly AI,NEW,צפייה,https://il.linkedin.com/jobs/view/npi-project-leader-at-camtek-4434535062?trk=public_jobs_topcard-title,0,False,,2026-08-03T14:51:00
Happly AI,NEW,צפייה,https://www.linkedin.com/jobs/view/4445872646,0,False,,2026-08-03T14:51:00
Happly AI,NEW,צפייה,https://il.linkedin.com/jobs/view/ppc-campaign-manager-at-sepros-online-marketing-4445843309?trk=public_jobs_topcard-title,0,False,,2026-08-03T14:51:00
Happly AI,NEW,צפייה,https://il.linkedin.com/jobs/view/data-analyst-team-lead-at-one-zero-bank-4445851427?trk=public_jobs_topcard-title,0,False,,2026-08-03T14:51:00
Happly AI,NEW,צפייה,https://www.linkedin.com/jobs/view/4445850629,0,False,,2026-08-03T14:51:00
Happly AI,NEW,צפייה,https://il.linkedin.com/jobs/view/retention-representative-at-myheritage-4439720763?trk=public_jobs_topcard-title,0,False,,2026-08-03T14:51:00
Happly AI,NEW,צפייה,https://www.linkedin.com/jobs/view/4448159171,0,False,,2026-08-03T14:51:00
Happly AI,NEW,צפייה,https://il.linkedin.com/jobs/view/director-of-engineering-at-dialog-4445874750?trk=public_jobs_topcard-title,0,False,,2026-08-03T14:51:00
Happly AI,NEW,צפייה,https://il.linkedin.com/jobs/view/information-technology-support-team-lead-at-comblack-4447017159?trk=public_jobs_topcard-title,0,False,,2026-08-03T14:51:00
Happly AI,NEW,צפייה,https://www.linkedin.com/jobs/view/4438987688,0,False,,2026-08-03T14:51:00
Happly AI,NEW,צפייה,https://www.linkedin.com/jobs/view/4439708376,0,False,,2026-08-03T14:51:00
Happly AI,NEW,צפייה,https://www.linkedin.com/jobs/view/4447667097,0,False,,2026-08-03T14:51:00
Happly AI,NEW,צפייה,https://www.linkedin.com/jobs/view/4447662544,0,False,,2026-08-03T14:51:00
Happly AI,NEW,צפייה,https://www.linkedin.com/jobs/view/4447688725,0,False,,2026-08-03T14:51:00
Happly AI,NEW,צפייה,https://il.linkedin.com/jobs/view/project-management-officer-10268-at-bynet-data-communications-4445837693?trk=public_jobs_topcard-title,0,False,,2026-08-03T14:51:00
Happly AI,NEW,צפייה,https://il.linkedin.com/jobs/view/director-of-product-management-at-confidential-4447697637?trk=public_jobs_topcard-title,0,False,,2026-08-03T14:51:00
Happly AI,NEW,צפייה,https://www.linkedin.com/jobs/view/4448132214,0,False,,2026-08-03T14:51:00
Happly AI,NEW,צפייה,https://il.linkedin.com/jobs/view/brand-business-lead-at-kendago-4447690854?trk=public_jobs_topcard-title,0,False,,2026-08-03T14:51:00
Happly AI,NEW,צפייה,https://il.linkedin.com/jobs/view/director-of-mobile-games-user-acquisition-at-jobgether-4447696774?trk=public_jobs_topcard-title,0,False,,2026-08-03T14:51:00
Happly AI,NEW,צפייה,https://il.linkedin.com/jobs/view/junior-ppc-campaign-manager-no-experience-required-25382-at-yael-group-4445876445?trk=public_jobs_topcard-title,0,False,,2026-08-03T14:51:00
Happly AI,NEW,צפייה,https://www.linkedin.com/jobs/view/4447898573,0,False,,2026-08-03T14:51:00
Happly AI,NEW,צפייה,https://il.linkedin.com/jobs/view/crm-salesforce-project-manager-at-logica-it-4445884414?trk=public_jobs_topcard-title,0,False,,2026-08-03T14:51:00
Happly AI,NEW,צפייה,https://il.linkedin.com/jobs/view/senior-product-marketing-manager-at-cognyte-4448155058?trk=public_jobs_topcard-title,0,False,,2026-08-03T14:51:00
Happly AI,NEW,צפייה,https://www.linkedin.com/jobs/view/4428607740,0,False,,2026-08-03T14:51:00
Happly AI,NEW,צפייה,https://www.linkedin.com/jobs/view/4448109350,0,False,,2026-08-03T14:51:00
Happly AI,NEW,צפייה,https://www.linkedin.com/jobs/view/4445930234,0,False,,2026-08-03T14:51:00
Happly AI,NEW,צפייה,https://www.linkedin.com/jobs/view/4447893338,0,False,,2026-08-03T14:51:00
Happly AI,NEW,צפייה,https://www.linkedin.com/jobs/view/4371394119,0,False,,2026-08-03T14:51:00
Happly AI,NEW,צפייה,https://www.linkedin.com/jobs/view/4447887610,0,False,,2026-08-03T14:51:00
Happly AI,NEW,צפייה,https://il.linkedin.com/jobs/view/programmatic-account-manager-at-apester-4446772474?trk=public_jobs_topcard-title,0,False,,2026-08-03T14:51:00
Happly AI,NEW,צפייה,https://www.linkedin.com/jobs/view/4402327602,0,False,,2026-08-03T14:51:00
Happly AI,NEW,צפייה,https://il.linkedin.com/jobs/view/aeromechanical-engineer-241299-at-experis-israel-4434550412?trk=public_jobs_topcard-title,0,False,,2026-08-03T14:51:00
Happly AI,NEW,צפייה,https://www.linkedin.com/jobs/view/4447662657,0,False,,2026-08-03T14:51:00
Happly AI,NEW,צפייה,https://www.linkedin.com/jobs/view/4447656792,0,False,,2026-08-03T14:51:00
Happly AI,NEW,צפייה,https://www.linkedin.com/jobs/view/4447906032,0,False,,2026-08-03T14:51:00
Happly AI,NEW,צפייה,https://il.linkedin.com/jobs/view/data-system-analyst-at-extreme-4448145302?trk=public_jobs_topcard-title,0,False,,2026-08-03T14:51:00
Happly AI,NEW,צפייה,https://www.linkedin.com/jobs/view/4447662055,0,False,,2026-08-03T14:51:00
Happly AI,NEW,צפייה,https://www.linkedin.com/jobs/view/4402311700,0,False,,2026-08-03T14:51:00
Happly AI,NEW,צפייה,https://www.linkedin.com/jobs/view/4439732339,0,False,,2026-08-03T14:51:00
Happly AI,NEW,צפייה,https://www.linkedin.com/jobs/view/4401759701,0,False,,2026-08-03T14:51:00
Happly AI,NEW,צפייה,https://www.linkedin.com/jobs/view/4402326607,0,False,,2026-08-03T14:51:00
Happly AI,NEW,צפייה,https://www.linkedin.com/jobs/view/4445882462,0,False,,2026-08-03T14:51:00
Happly AI,NEW,צפייה,https://www.linkedin.com/jobs/view/4445867676,0,False,,2026-08-03T14:51:00
Happly AI,NEW,צפייה,https://il.linkedin.com/jobs/view/real-estate-agents-at-barnes-israel-4445872483?trk=public_jobs_topcard-title,0,False,,2026-08-03T14:51:00
Happly AI,NEW,צפייה,https://www.linkedin.com/jobs/view/4371387206,0,False,,2026-08-03T14:51:00
Happly AI,NEW,צפייה,https://www.linkedin.com/jobs/view/4410881342,0,False,,2026-08-03T14:51:00
Happly AI,NEW,צפייה,https://il.linkedin.com/jobs/view/senior-system-administrator-at-extreme-4448146279?trk=public_jobs_topcard-title,0,False,,2026-08-03T14:51:00
Happly AI,NEW,צפייה,https://il.linkedin.com/jobs/view/operations-manager-at-letsgo-4445860181?trk=public_jobs_topcard-title,0,False,,2026-08-03T14:51:00
Happly AI,NEW,צפייה,https://www.linkedin.com/jobs/view/4313007344,0,False,,2026-08-03T14:51:00
Happly AI,NEW,צפייה,https://www.linkedin.com/jobs/view/4439726843,0,False,,2026-08-03T14:51:00
Happly AI,NEW,צפייה,https://www.linkedin.com/jobs/view/4422066404,0,False,,2026-08-03T14:51:00
Happly AI,NEW,צפייה,https://il.linkedin.com/jobs/view/sdk-lab-technician-at-bright-data-4447641584?trk=public_jobs_topcard-title,0,False,,2026-08-03T14:51:00
Happly AI,NEW,צפייה,https://www.linkedin.com/jobs/view/4447892973,0,False,,2026-08-03T14:51:00
Happly AI,NEW,צפייה,https://www.linkedin.com/jobs/view/4447644569,0,False,,2026-08-03T14:51:00
Happly AI,NEW,צפייה,https://www.linkedin.com/jobs/view/4399727890,0,False,,2026-08-03T14:51:00
Happly AI,NEW,צפייה,https://www.linkedin.com/jobs/view/4438991352,0,False,,2026-08-03T14:51:00
Happly AI,NEW,צפייה,https://www.linkedin.com/jobs/view/4445842177,0,False,,2026-08-03T14:51:00
Happly AI,NEW,צפייה,https://www.linkedin.com/jobs/view/4445859334,0,False,,2026-08-03T14:51:00
Happly AI,NEW,צפייה,https://www.linkedin.com/jobs/view/4447686367,0,False,,2026-08-03T14:51:00
Happly AI,NEW,צפייה,https://www.linkedin.com/jobs/view/4429679743,0,False,,2026-08-03T14:51:00
Happly AI,NEW,צפייה,https://www.linkedin.com/jobs/view/4430018348,0,False,,2026-08-03T14:51:00
Happly AI,NEW,צפייה,https://www.linkedin.com/jobs/view/4430005697,0,False,,2026-08-03T14:51:00
Happly AI,NEW,צפייה,https://www.linkedin.com/jobs/view/4433792351,0,False,,2026-08-03T14:51:00
Happly AI,NEW,צפייה,https://www.linkedin.com/jobs/view/4402310675,0,False,,2026-08-03T14:51:00
Happly AI,NEW,צפייה,https://il.linkedin.com/jobs/view/algorithm-developer-at-mobile-group-ltd-4447687665?trk=public_jobs_topcard-title,0,False,,2026-08-03T14:51:00
Happly AI,NEW,צפייה,https://www.linkedin.com/jobs/view/4448103875,0,False,,2026-08-03T14:51:00
Happly AI,NEW,צפייה,https://www.linkedin.com/jobs/view/4278455362,0,False,,2026-08-03T14:51:00
Happly AI,NEW,צפייה,https://il.linkedin.com/jobs/view/power-platform-citizen-developer-lead-25412-at-yael-group-4445853403?trk=public_jobs_topcard-title,0,False,,2026-08-03T14:51:00
Happly AI,NEW,צפייה,https://il.linkedin.com/jobs/view/fpga-engineer-at-unilink-ltd-4448139802?trk=public_jobs_topcard-title,0,False,,2026-08-03T14:51:00
Happly AI,NEW,צפייה,https://www.linkedin.com/jobs/view/4417242948,0,False,,2026-08-03T14:51:00
Happly AI,NEW,צפייה,https://www.linkedin.com/jobs/view/4437216548,0,False,,2026-08-03T14:51:00
Happly AI,NEW,צפייה,https://www.linkedin.com/jobs/view/4447882627,0,False,,2026-08-03T14:51:00
Happly AI,NEW,צפייה,https://il.linkedin.com/jobs/view/ejecutivo-a-senior-de-ventas-empresariales-%E2%80%93-latam-israel-based-at-logical-commander-software-ltd-4445849504?trk=public_jobs_topcard-title,0,False,,2026-08-03T14:51:00
Happly AI,NEW,צפייה,https://il.linkedin.com/jobs/view/%D7%90%D7%99%D7%A9-%D7%AA%D7%A9%D7%AA%D7%99%D7%95%D7%AA-ot-%D7%A1%D7%99%D7%A1%D7%98%D7%9D-i-at-unilink-ltd-4447637913?trk=public_jobs_topcard-title,0,False,,2026-08-03T14:51:00
Happly AI,NEW,צפייה,https://www.linkedin.com/jobs/view/4448128862,0,False,,2026-08-03T14:51:00
Happly AI,NEW,צפייה,https://il.linkedin.com/jobs/view/elastic-platform-engineer-at-datateam-4445883176?trk=public_jobs_topcard-title,0,False,,2026-08-03T14:51:00
Happly AI,NEW,צפייה,https://www.linkedin.com/jobs/view/4447660160,0,False,,2026-08-03T14:51:00
Happly AI,NEW,צפייה,https://il.linkedin.com/jobs/view/architect-architectural-engineer-jb-5317-at-recruitx-4444449513?trk=public_jobs_topcard-title,0,False,,2026-08-03T14:51:00
Happly AI,NEW,צפייה,https://il.linkedin.com/jobs/view/controller-finance-manager-at-starhunter-4445875604?trk=public_jobs_topcard-title,0,False,,2026-08-03T14:51:00
Happly AI,NEW,צפייה,https://www.linkedin.com/jobs/view/4447898441,0,False,,2026-08-03T14:51:00
Happly AI,NEW,צפייה,https://il.linkedin.com/jobs/view/control-monitoring-systems-specialist-at-matchpointit-4445867872?trk=public_jobs_topcard-title,0,False,,2026-08-03T14:51:00
Happly AI,NEW,צפייה,https://il.linkedin.com/jobs/view/electronics-engineer-practical-electronics-engineer-at-linked-magic-4448102471?trk=public_jobs_topcard-title,0,False,,2026-08-03T14:51:00
Happly AI,NEW,צפייה,https://il.linkedin.com/jobs/view/technical-support-engineer-at-tenzai-4447654128?trk=public_jobs_topcard-title,0,False,,2026-08-03T14:51:00
Happly AI,NEW,צפייה,https://www.linkedin.com/jobs/view/4447886891,0,False,,2026-08-03T14:51:00
Happly AI,NEW,צפייה,https://www.linkedin.com/jobs/view/4447667456,0,False,,2026-08-03T14:51:00
Happly AI,NEW,צפייה,https://il.linkedin.com/jobs/view/systems-integration-analyst-37140%C2%A0-at-%D7%9E%D7%A8%D7%98%D7%A0%D7%A1-mertens-%E2%80%93-%D7%9E%D7%A7%D7%91%D7%95%D7%A6%D7%AA-%D7%9E%D7%9C%D7%9D-%D7%AA%D7%99%D7%9D-4448134988?trk=public_jobs_topcard-title,0,False,,2026-08-03T14:51:00
Happly AI,NEW,צפייה,https://www.linkedin.com/jobs/view/4430335134,0,False,,2026-08-03T14:51:00
Happly AI,NEW,צפייה,https://www.linkedin.com/jobs/view/4447656457,0,False,,2026-08-03T14:51:00
Happly AI,NEW,צפייה,https://www.linkedin.com/jobs/view/4437163584,0,False,,2026-08-03T14:51:00
Happly AI,NEW,צפייה,https://il.linkedin.com/jobs/view/chief-operating-officer-at-ultrawis-4445857424?trk=public_jobs_topcard-title,0,False,,2026-08-03T14:51:00
Happly AI,NEW,צפייה,https://il.linkedin.com/jobs/view/field-application-engineer-israel-at-%E8%A8%8A%E5%87%B1%E5%9C%8B%E9%9A%9B-cooler-master-co-ltd-4448126538?trk=public_jobs_topcard-title,0,False,,2026-08-03T14:51:00
Happly AI,NEW,צפייה,https://il.linkedin.com/jobs/view/%D7%9E%D7%94%D7%A0%D7%93%D7%A1-%D7%AA-%D7%9E%D7%95%D7%A6%D7%A8-%D7%9C%D7%9E%D7%A4%D7%A2%D7%9C-%D7%9E%D7%95%D7%91%D7%99%D7%9C-%D7%91%D7%AA%D7%97%D7%95%D7%9E%D7%95-%D7%91%D7%A6%D7%A4%D7%95%D7%9F-4445867352?trk=public_jobs_topcard-title,0,False,,2026-08-03T14:51:00
Happly AI,NEW,צפייה,https://www.linkedin.com/jobs/view/4448103829,0,False,,2026-08-03T14:51:00
Happly AI,NEW,צפייה,https://www.linkedin.com/jobs/view/4437152427,0,False,,2026-08-03T14:51:00
Happly AI,NEW,צפייה,https://il.linkedin.com/jobs/view/r-d-engineer-in-polymers-at-recruitx-4448139839?trk=public_jobs_topcard-title,0,False,,2026-08-03T14:51:00
Happly AI,NEW,צפייה,https://www.linkedin.com/jobs/view/4399998217,0,False,,2026-08-03T14:51:00
Happly AI,NEW,צפייה,https://il.linkedin.com/jobs/view/legal-consultant-at-samsung-israel-4448155046?trk=public_jobs_topcard-title,0,False,,2026-08-03T14:51:00
Happly AI,NEW,צפייה,https://il.linkedin.com/jobs/view/r-d-mechanical-engineer-at-alma-lasers-4427163770?trk=public_jobs_topcard-title,0,False,,2026-08-03T14:51:00
Happly AI,NEW,צפייה,https://www.linkedin.com/jobs/view/4448115705,0,False,,2026-08-03T14:51:00
Happly AI,NEW,צפייה,https://www.linkedin.com/jobs/view/4447664485,0,False,,2026-08-03T14:51:00
Happly AI,NEW,צפייה,https://www.linkedin.com/jobs/view/4445841404,0,False,,2026-08-03T14:51:00
Happly AI,NEW,צפייה,https://www.linkedin.com/jobs/view/4436210492,0,False,,2026-08-03T14:51:00
Happly AI,NEW,צפייה,https://www.linkedin.com/jobs/view/4447647926,0,False,,2026-08-03T14:51:00
Happly AI,NEW,צפייה,https://www.linkedin.com/jobs/view/4445844457,0,False,,2026-08-03T14:51:00
Happly AI,NEW,צפייה,https://il.linkedin.com/jobs/view/data-science-team-lead-at-gotfriends-4445872335?trk=public_jobs_topcard-title,0,False,,2026-08-03T14:51:00
Happly AI,NEW,צפייה,https://www.linkedin.com/jobs/view/4445852862,0,False,,2026-08-03T14:51:00
Happly AI,NEW,צפייה,https://www.linkedin.com/jobs/view/4447685773,0,False,,2026-08-03T14:51:00
Happly AI,NEW,צפייה,https://www.linkedin.com/jobs/view/4430319914,0,False,,2026-08-03T14:51:00
Happly AI,NEW,צפייה,https://www.linkedin.com/jobs/view/4447663181,0,False,,2026-08-03T14:51:00
Happly AI,NEW,צפייה,https://www.linkedin.com/jobs/view/4447886391,0,False,,2026-08-03T14:51:00
Happly AI,NEW,צפייה,https://www.linkedin.com/jobs/view/4445839635,0,False,,2026-08-03T14:51:00
Happly AI,NEW,צפייה,https://www.linkedin.com/jobs/view/4447641822,0,False,,2026-08-03T14:51:00
Happly AI,NEW,צפייה,https://il.linkedin.com/jobs/view/senior-bookkeeper-at-pentera-4445849188?trk=public_jobs_topcard-title,0,False,,2026-08-03T14:51:00
Happly AI,NEW,צפייה,https://il.linkedin.com/jobs/view/senior-account-executive-at-enso-4445867636?trk=public_jobs_topcard-title,0,False,,2026-08-03T14:51:00
Happly AI,NEW,צפייה,https://il.linkedin.com/jobs/view/junior-technical-recruiter-at-shavit-software-4448137934?trk=public_jobs_topcard-title,0,False,,2026-08-03T14:51:00
Happly AI,NEW,צפייה,https://www.linkedin.com/jobs/view/4447690502,0,False,,2026-08-03T14:51:00
Happly AI,NEW,צפייה,https://il.linkedin.com/jobs/view/mechanical-integration-at-optimum-4448117041?trk=public_jobs_topcard-title,0,False,,2026-08-03T14:51:00
Happly AI,NEW,צפייה,https://www.linkedin.com/jobs/view/4448154017,0,False,,2026-08-03T14:51:00
Happly AI,NEW,צפייה,https://il.linkedin.com/jobs/view/project-management-officer-at-horizon-technologies-ltd-4445864854?trk=public_jobs_topcard-title,0,False,,2026-08-03T14:51:00
Happly AI,NEW,צפייה,https://il.linkedin.com/jobs/view/hardcore-growth-marketer-at-horizon-trade-4445849549?trk=public_jobs_topcard-title,0,False,,2026-08-03T14:51:00
Happly AI,NEW,צפייה,https://il.linkedin.com/jobs/view/customer-support-service-representative-at-uniper-4445855452?trk=public_jobs_topcard-title,0,False,,2026-08-03T14:51:00
Happly AI,NEW,צפייה,https://www.linkedin.com/jobs/view/4445873544,0,False,,2026-08-03T14:51:00
Happly AI,NEW,צפייה,https://il.linkedin.com/jobs/view/underwriter-%D7%97%D7%AA%D7%9E-%D7%AA-%D7%90%D7%A9%D7%A8%D7%90%D7%99-at-blender-financial-technologies-4445847207?trk=public_jobs_topcard-title,0,False,,2026-08-03T14:51:00
Happly AI,NEW,צפייה,https://www.linkedin.com/jobs/view/4447895665,0,False,,2026-08-03T14:51:00
Happly AI,NEW,צפייה,https://il.linkedin.com/jobs/view/treasury-lead-at-netafim-4417806135?trk=public_jobs_topcard-title,0,False,,2026-08-03T14:51:00
Happly AI,NEW,צפייה,https://www.linkedin.com/jobs/view/4448106208,0,False,,2026-08-03T14:51:00
Happly AI,NEW,צפייה,https://www.linkedin.com/jobs/view/4447886441,0,False,,2026-08-03T14:51:00
Happly AI,NEW,צפייה,https://il.linkedin.com/jobs/view/junior-software-engineer-at-go-out-4445880486?trk=public_jobs_topcard-title,0,False,,2026-08-03T14:51:00
Happly AI,NEW,צפייה,https://il.linkedin.com/jobs/view/%D7%99%D7%95%D7%A2%D7%A5-%D7%AA-%D7%9E%D7%A9%D7%A4%D7%98%D7%99-%D7%AA-%D7%A4%D7%A0%D7%99%D7%9E%D7%99-%D7%AA-%D7%95%D7%9E%D7%96%D7%9B%D7%99%D7%A8-%D7%AA-%D7%97%D7%91%D7%A8%D7%94-at-azorim-4445841242?trk=public_jobs_topcard-title,0,False,,2026-08-03T14:51:00
Happly AI,NEW,צפייה,https://il.linkedin.com/jobs/view/vp-total-rewards-hris-people-analytics-at-cloudinary-4447648447?trk=public_jobs_topcard-title,0,False,,2026-08-03T14:51:00
Happly AI,NEW,צפייה,https://il.linkedin.com/jobs/view/assistant-corporate-controller-at-taboola-4448105421?trk=public_jobs_topcard-title,0,False,,2026-08-03T14:51:00
Happly AI,NEW,צפייה,https://www.linkedin.com/jobs/view/4447643615,0,False,,2026-08-03T14:51:00
Happly AI,NEW,צפייה,https://il.linkedin.com/jobs/view/vp-total-rewards-hris-people-analytics-at-cloudinary-4447636699?trk=public_jobs_topcard-title,0,False,,2026-08-03T14:51:00
Happly AI,NEW,צפייה,https://www.linkedin.com/jobs/view/4445846435,0,False,,2026-08-03T14:51:00
Happly AI,NEW,צפייה,https://www.linkedin.com/jobs/view/4448112286,0,False,,2026-08-03T14:51:00
Happly AI,NEW,צפייה,https://il.linkedin.com/jobs/view/%D7%97%D7%A9%D7%91-%D7%AA-%D7%A9%D7%9B%D7%A8-%D7%9E%D7%A9%D7%A8%D7%94-%D7%94%D7%99%D7%91%D7%A8%D7%99%D7%93%D7%99%D7%AA%21-at-netafim-4435555903?trk=public_jobs_topcard-title,0,False,,2026-08-03T14:51:00
Happly AI,NEW,צפייה,https://www.linkedin.com/jobs/view/4437220614,0,False,,2026-08-03T14:51:00
Happly AI,NEW,צפייה,https://www.linkedin.com/jobs/view/4439709731,0,False,,2026-08-03T14:51:00
Happly AI,NEW,צפייה,https://www.linkedin.com/jobs/view/4448102715,0,False,,2026-08-03T14:51:00
Happly AI,NEW,צפייה,https://il.linkedin.com/jobs/view/talent-acquisition-at-schindler-israel-4445883211?trk=public_jobs_topcard-title,0,False,,2026-08-03T14:51:00
Happly AI,NEW,צפייה,https://il.linkedin.com/jobs/view/office-manager-at-dr-shlomo-cohen-co-4445852367?trk=public_jobs_topcard-title,0,False,,2026-08-03T14:51:00
Happly AI,NEW,צפייה,https://il.linkedin.com/jobs/view/controller-at-dbp-finance-4445859213?trk=public_jobs_topcard-title,0,False,,2026-08-03T14:51:00
Happly AI,NEW,צפייה,https://www.linkedin.com/jobs/view/4408431085,0,False,,2026-08-03T14:51:00
Happly AI,NEW,צפייה,https://il.linkedin.com/jobs/view/payments-operations-at-ppltx-4445841840?trk=public_jobs_topcard-title,0,False,,2026-08-03T14:51:00
Happly AI,NEW,צפייה,https://il.linkedin.com/jobs/view/bookkeeper-at-realize-4445853347?trk=public_jobs_topcard-title,0,False,,2026-08-03T14:51:00
Happly AI,NEW,צפייה,https://il.linkedin.com/jobs/view/medical-sales-representative-at-alma-lasers-4437141406?trk=public_jobs_topcard-title,0,False,,2026-08-03T14:51:00
Happly AI,NEW,צפייה,https://il.linkedin.com/jobs/view/assistant-controller-temporary-position-at-kaltura-4447876567?trk=public_jobs_topcard-title,0,False,,2026-08-03T14:51:00
Happly AI,NEW,צפייה,https://il.linkedin.com/jobs/view/fpga-verification-engineer-241376-at-experis-israel-4445831840?trk=public_jobs_topcard-title,0,False,,2026-08-03T14:51:00
Happly AI,NEW,צפייה,https://www.linkedin.com/jobs/view/4445838320,0,False,,2026-08-03T14:51:00
Happly AI,NEW,צפייה,https://www.linkedin.com/jobs/view/4438988060,0,False,,2026-08-03T14:51:00
Happly AI,NEW,צפייה,https://il.linkedin.com/jobs/view/senior-secops-tech-lead-global-saas-tel-aviv-at-up-security-formerly-wake-up-cyber-4445855416?trk=public_jobs_topcard-title,0,False,,2026-08-03T14:51:00
Happly AI,NEW,צפייה,https://www.linkedin.com/jobs/view/4445850276,0,False,,2026-08-03T14:51:00
Happly AI,NEW,צפייה,https://www.linkedin.com/jobs/view/4439659862,0,False,,2026-08-03T14:51:00
Happly AI,NEW,צפייה,https://il.linkedin.com/jobs/view/microsoft-copilot-implementation-lead-25410-at-yael-group-4445856403?trk=public_jobs_topcard-title,0,False,,2026-08-03T14:51:00
Happly AI,NEW,צפייה,https://il.linkedin.com/jobs/view/aide-de-camp-to-the-founder-at-zealot-4447649180?trk=public_jobs_topcard-title,0,False,,2026-08-03T14:51:00
Happly AI,NEW,צפייה,https://www.linkedin.com/jobs/view/4447881383,0,False,,2026-08-03T14:51:00
Happly AI,NEW,צפייה,https://il.linkedin.com/jobs/view/ai-growth-marketer-base44-at-base44-4433316949?trk=public_jobs_topcard-title,0,False,,2026-08-03T14:51:00
Happly AI,NEW,צפייה,https://il.linkedin.com/jobs/view/data-analyst-at-gotfriends-4445840393?trk=public_jobs_topcard-title,0,False,,2026-08-03T14:51:00
Happly AI,NEW,צפייה,https://il.linkedin.com/jobs/view/system-engineer-at-yael-korentec-technologies-4447880470?trk=public_jobs_topcard-title,0,False,,2026-08-03T14:51:00
Happly AI,NEW,צפייה,https://www.linkedin.com/jobs/view/4391151881,0,False,,2026-08-03T14:51:00
Happly AI,NEW,צפייה,https://www.linkedin.com/jobs/view/4380345716,0,False,,2026-08-03T14:51:00
Happly AI,NEW,צפייה,https://www.linkedin.com/jobs/view/4438973985,0,False,,2026-08-03T14:51:00
Happly AI,NEW,צפייה,https://www.linkedin.com/jobs/view/4371106772,0,False,,2026-08-03T14:51:00
Happly AI,NEW,צפייה,https://il.linkedin.com/jobs/view/bi-developer-1007278-at-elad-software-systems-4448100110?trk=public_jobs_topcard-title,0,False,,2026-08-03T14:51:00
Happly AI,NEW,צפייה,https://il.linkedin.com/jobs/view/data-business-analyst-marketing-analytics-1007624-at-elad-software-systems-4447891638?trk=public_jobs_topcard-title,0,False,,2026-08-03T14:51:00
Happly AI,NEW,צפייה,https://il.linkedin.com/jobs/view/nodejs-developer-at-gotfriends-4445843319?trk=public_jobs_topcard-title,0,False,,2026-08-03T14:51:00
Happly AI,NEW,צפייה,https://il.linkedin.com/jobs/view/verification-engineer-at-gotfriends-4445839481?trk=public_jobs_topcard-title,0,False,,2026-08-03T14:51:00
Happly AI,NEW,צפייה,https://www.linkedin.com/jobs/view/4362602783,0,False,,2026-08-03T14:51:00
Happly AI,NEW,צפייה,https://www.linkedin.com/jobs/view/4401447775,0,False,,2026-08-03T14:51:00
Happly AI,NEW,צפייה,https://www.linkedin.com/jobs/view/4447886372,0,False,,2026-08-03T14:51:00
Happly AI,NEW,צפייה,https://il.linkedin.com/jobs/view/mobile-core-development-lead-at-strategic-matching-4445847373?trk=public_jobs_topcard-title,0,False,,2026-08-03T14:51:00
Happly AI,NEW,צפייה,https://www.linkedin.com/jobs/view/4370561520,0,False,,2026-08-03T14:51:00
Happly AI,NEW,צפייה,https://il.linkedin.com/jobs/view/head-of-marketing-at-pcentra-4445850240?trk=public_jobs_topcard-title,0,False,,2026-08-03T14:51:00
Happly AI,NEW,צפייה,https://www.linkedin.com/jobs/view/4375175891,0,False,,2026-08-03T14:51:00
Happly AI,NEW,צפייה,https://il.linkedin.com/jobs/view/it-specialist-at-beit-issie-4445854141?trk=public_jobs_topcard-title,0,False,,2026-08-03T14:51:00
Happly AI,NEW,צפייה,https://www.linkedin.com/jobs/view/4359500303,0,False,,2026-08-03T14:51:00
Happly AI,NEW,צפייה,https://www.linkedin.com/jobs/view/4447644568,0,False,,2026-08-03T14:51:00
Happly AI,NEW,צפייה,https://il.linkedin.com/jobs/view/mobile-engineer-at-gotfriends-4445840415?trk=public_jobs_topcard-title,0,False,,2026-08-03T14:51:00
Happly AI,NEW,צפייה,https://il.linkedin.com/jobs/view/mobile-infrastructure-team-lead-at-connecteam-4402560013?trk=public_jobs_topcard-title,0,False,,2026-08-03T14:51:00
Happly AI,NEW,צפייה,https://www.linkedin.com/jobs/view/4445837082,0,False,,2026-08-03T14:51:00
Happly AI,NEW,צפייה,https://www.linkedin.com/jobs/view/4444136776,0,False,,2026-08-03T14:51:00
Happly AI,NEW,צפייה,https://il.linkedin.com/jobs/view/senior-software-engineer-data-platform-at-voyantis-4445854252?trk=public_jobs_topcard-title,0,False,,2026-08-03T14:51:00
Happly AI,NEW,צפייה,https://il.linkedin.com/jobs/view/back-end-developer-at-compie-technologies-4447879262?trk=public_jobs_topcard-title,0,False,,2026-08-03T14:51:00
Happly AI,NEW,צפייה,https://www.linkedin.com/jobs/view/4401815361,0,False,,2026-08-03T14:51:00
Happly AI,NEW,צפייה,https://www.linkedin.com/jobs/view/4447895431,0,False,,2026-08-03T14:51:00
Happly AI,NEW,צפייה,https://il.linkedin.com/jobs/view/malware-researcher-at-jfrog-4438988241?trk=public_jobs_topcard-title,0,False,,2026-08-03T14:51:00
Happly AI,NEW,צפייה,https://www.linkedin.com/jobs/view/4445844443,0,False,,2026-08-03T14:51:00
Happly AI,NEW,צפייה,https://il.linkedin.com/jobs/view/software-team-lead-at-commit-4445855351?trk=public_jobs_topcard-title,0,False,,2026-08-03T14:51:00
Happly AI,NEW,צפייה,https://www.linkedin.com/jobs/view/4445825898,0,False,,2026-08-03T14:51:00
Happly AI,NEW,צפייה,https://il.linkedin.com/jobs/view/lead-software-engineer-innovation-team-at-voyantis-4445349313?trk=public_jobs_topcard-title,0,False,,2026-08-03T14:51:00
Happly AI,NEW,צפייה,https://il.linkedin.com/jobs/view/collection-specialist-maternity-leave-replacement-temporary-position-at-jfrog-4447645471?trk=public_jobs_topcard-title,0,False,,2026-08-03T14:51:00
Happly AI,NEW,צפייה,https://il.linkedin.com/jobs/view/physical-design-engineer-at-gotfriends-4445857177?trk=public_jobs_topcard-title,0,False,,2026-08-03T14:51:00
Happly AI,NEW,צפייה,https://il.linkedin.com/jobs/view/software-architect-at-gotfriends-4445858169?trk=public_jobs_topcard-title,0,False,,2026-08-03T14:51:00
Happly AI,NEW,צפייה,https://www.linkedin.com/jobs/view/4437181429,0,False,,2026-08-03T14:51:00
Happly AI,NEW,צפייה,https://il.linkedin.com/jobs/view/frontend-developer-at-gotfriends-4445837466?trk=public_jobs_topcard-title,0,False,,2026-08-03T14:51:00
Happly AI,NEW,צפייה,https://il.linkedin.com/jobs/view/c%2B%2B-developer-at-confidential-jobs-4445848349?trk=public_jobs_topcard-title,0,False,,2026-08-03T14:51:00
Happly AI,NEW,צפייה,https://www.linkedin.com/jobs/view/4447877794,0,False,,2026-08-03T14:51:00
Happly AI,NEW,צפייה,https://www.linkedin.com/jobs/view/4276076486,0,False,,2026-08-03T14:51:00
Happly AI,NEW,צפייה,https://www.linkedin.com/jobs/view/4445857205,0,False,,2026-08-03T14:51:00
Happly AI,NEW,צפייה,https://il.linkedin.com/jobs/view/embedded-firmware-engineer-at-inbal-hr-solutions-4445845128?trk=public_jobs_topcard-title,0,False,,2026-08-03T14:51:00
Happly AI,NEW,צפייה,https://il.linkedin.com/jobs/view/identity-access-management-iam-coordinator-5487-at-ingima-4447886291?trk=public_jobs_topcard-title,0,False,,2026-08-03T14:51:00
Happly AI,NEW,צפייה,https://www.linkedin.com/jobs/view/4445843320,0,False,,2026-08-03T14:51:00
Happly AI,NEW,צפייה,https://il.linkedin.com/jobs/view/web-developer-at-evo-net-4446420848?trk=public_jobs_topcard-title,0,False,,2026-08-03T14:51:00
Happly AI,NEW,צפייה,https://www.linkedin.com/jobs/view/4447628825,0,False,,2026-08-03T14:51:00
Happly AI,NEW,צפייה,https://il.linkedin.com/jobs/view/senior-data-analyst-at-staffin-israel-4447886404?trk=public_jobs_topcard-title,0,False,,2026-08-03T14:51:00
Happly AI,NEW,צפייה,https://www.linkedin.com/jobs/view/4438983294,0,False,,2026-08-03T14:51:00
Happly AI,NEW,צפייה,https://il.linkedin.com/jobs/view/digital-media-expert-at-mccann-digital-4445846414?trk=public_jobs_topcard-title,0,False,,2026-08-03T14:51:00
Happly AI,NEW,צפייה,https://il.linkedin.com/jobs/view/talent-acquisition-partner-at-port-io-4438958951?trk=public_jobs_topcard-title,0,False,,2026-08-03T14:51:00
Happly AI,NEW,צפייה,https://il.linkedin.com/jobs/view/software-infrastructure-developer-agentic-ai-focus-at-biocatch-4447894244?trk=public_jobs_topcard-title,0,False,,2026-08-03T14:51:00
Happly AI,NEW,צפייה,https://il.linkedin.com/jobs/view/artificial-intelligence-specialist-at-medulla-4447874554?trk=public_jobs_topcard-title,0,False,,2026-08-03T14:51:00
Happly AI,NEW,צפייה,https://il.linkedin.com/jobs/view/%D7%A8%D7%9B%D7%96-%D7%AA-%D7%92%D7%99%D7%95%D7%A1-%D7%98%D7%9B%D7%A0%D7%95%D7%9C%D7%95%D7%92%D7%99-at-matrix-dna-4445840398?trk=public_jobs_topcard-title,0,False,,2026-08-03T14:51:00
Happly AI,NEW,צפייה,https://il.linkedin.com/jobs/view/machine-learning-engineer-at-gotfriends-4445854226?trk=public_jobs_topcard-title,0,False,,2026-08-03T14:51:00
Happly AI,NEW,צפייה,https://il.linkedin.com/jobs/view/assistant-financial-controller-at-strategic-matching-4445841479?trk=public_jobs_topcard-title,0,False,,2026-08-03T14:51:00
Happly AI,NEW,צפייה,https://www.linkedin.com/jobs/view/4447882560,0,False,,2026-08-03T14:51:00
Happly AI,NEW,צפייה,https://il.linkedin.com/jobs/view/senior-it-support-position-no-1675-at-ibi-investment-house-4445840504?trk=public_jobs_topcard-title,0,False,,2026-08-03T14:51:00
Happly AI,NEW,צפייה,https://il.linkedin.com/jobs/view/economist-at-tel-aviv-stock-exchange-%D7%94%D7%91%D7%95%D7%A8%D7%A1%D7%94-%D7%9C%D7%A0%D7%99%D7%99%D7%A8%D7%95%D7%AA-%D7%A2%D7%A8%D7%9A-4447641869?trk=public_jobs_topcard-title,0,False,,2026-08-03T14:51:00
Happly AI,NEW,צפייה,https://www.linkedin.com/jobs/view/4445840280,0,False,,2026-08-03T14:51:00
Happly AI,NEW,צפייה,https://il.linkedin.com/jobs/view/system-administrator-at-gotfriends-4445849138?trk=public_jobs_topcard-title,0,False,,2026-08-03T14:51:00
Happly AI,NEW,צפייה,https://www.linkedin.com/jobs/view/4445855427,0,False,,2026-08-03T14:51:00
Happly AI,NEW,צפייה,https://il.linkedin.com/jobs/view/clinical-sales-specialist-%E2%80%93-orthopedics-joint-replacement-spine-at-totsaot-human-resources-4447882443?trk=public_jobs_topcard-title,0,False,,2026-08-03T14:51:00
Happly AI,NEW,צפייה,https://il.linkedin.com/jobs/view/import-export-team-leader-at-maytronics-4447635712?trk=public_jobs_topcard-title,0,False,,2026-08-03T14:51:00
Happly AI,NEW,צפייה,https://www.linkedin.com/jobs/view/4447883704,0,False,,2026-08-03T14:51:00
Happly AI,NEW,צפייה,https://il.linkedin.com/jobs/view/governance-risk-compliance-specialist-at-logica-it-4445831996?trk=public_jobs_topcard-title,0,False,,2026-08-03T14:51:00
Happly AI,NEW,צפייה,https://www.linkedin.com/jobs/view/4445859329,0,False,,2026-08-03T14:51:00
Happly AI,NEW,צפייה,https://www.linkedin.com/jobs/view/4447891281,0,False,,2026-08-03T14:51:00
Happly AI,NEW,צפייה,https://il.linkedin.com/jobs/view/growth-product-manager-at-kendago-4443266623?trk=public_jobs_topcard-title,0,False,,2026-08-03T14:51:00
Happly AI,NEW,צפייה,https://il.linkedin.com/jobs/view/computer-vision-engineer-at-medulla-4445680082?trk=public_jobs_topcard-title,0,False,,2026-08-03T14:51:00
Happly AI,NEW,צפייה,https://il.linkedin.com/jobs/view/ai-enablement-mentor-at-scalify-tech-4445715164?trk=public_jobs_topcard-title,0,False,,2026-08-03T14:51:00
Happly AI,NEW,צפייה,https://il.linkedin.com/jobs/view/human-resources-manager-at-taliaz-4442335883?trk=public_jobs_topcard-title,0,False,,2026-08-03T14:51:00
Happly AI,NEW,צפייה,https://il.linkedin.com/jobs/view/financial-consultant-at-deloitte-4437147331?trk=public_jobs_topcard-title,0,False,,2026-08-03T14:51:00
Happly AI,NEW,צפייה,https://il.linkedin.com/jobs/view/executive-administrator-at-netafim-4435513594?trk=public_jobs_topcard-title,0,False,,2026-08-03T14:51:00
Happly AI,NEW,צפייה,https://il.linkedin.com/jobs/view/bookkeeper-payroll-controller-at-cyolo-4437154941?trk=public_jobs_topcard-title,0,False,,2026-08-03T14:51:00
Happly AI,NEW,צפייה,https://www.linkedin.com/jobs/view/4447891316,0,False,,2026-08-03T14:51:00
Happly AI,NEW,צפייה,https://www.linkedin.com/jobs/view/4447882721,0,False,,2026-08-03T14:51:00
Happly AI,NEW,צפייה,https://il.linkedin.com/jobs/view/financial-controller-at-shell-case-4447891382?trk=public_jobs_topcard-title,0,False,,2026-08-03T14:51:00
Happly AI,NEW,צפייה,https://www.linkedin.com/jobs/view/4445842389,0,False,,2026-08-03T14:51:00
Happly AI,NEW,צפייה,https://il.linkedin.com/jobs/view/business-development-specialist-entry-level-position-at-precise-financial-management-services-ltd-4445840546?trk=public_jobs_topcard-title,0,False,,2026-08-03T14:51:00
Happly AI,NEW,צפייה,https://il.linkedin.com/jobs/view/controller-at-plus500%E2%84%A2-4445839664?trk=public_jobs_topcard-title,0,False,,2026-08-03T14:51:00
Happly AI,NEW,צפייה,https://il.linkedin.com/jobs/view/bookkeeper-at-plus500%E2%84%A2-4445840537?trk=public_jobs_topcard-title,0,False,,2026-08-03T14:51:00
Happly AI,NEW,צפייה,https://www.linkedin.com/jobs/view/4439707380,0,False,,2026-08-03T14:51:00
Happly AI,NEW,צפייה,https://www.linkedin.com/jobs/view/4447893431,0,False,,2026-08-03T14:51:00
Happly AI,NEW,צפייה,https://il.linkedin.com/jobs/view/director-of-it-and-security-at-starhunter-4445860080?trk=public_jobs_topcard-title,0,False,,2026-08-03T14:51:00
Happly AI,NEW,צפייה,https://il.linkedin.com/jobs/view/%D7%A8%D7%9B%D7%96-%D7%AA-%D7%97%D7%99%D7%99%D7%9C%D7%99%D7%9D-%D7%9E%D7%A9%D7%95%D7%97%D7%A8%D7%A8%D7%99%D7%9D-4445855287?trk=public_jobs_topcard-title,0,False,,2026-08-03T14:51:00
Happly AI,NEW,צפייה,https://il.linkedin.com/jobs/view/research-and-development-technician-at-novelrad-4445859211?trk=public_jobs_topcard-title,0,False,,2026-08-03T14:51:00
Happly AI,NEW,צפייה,https://www.linkedin.com/jobs/view/4439709312,0,False,,2026-08-03T14:51:00
Happly AI,NEW,צפייה,https://il.linkedin.com/jobs/view/%D7%97%D7%AA%D7%9D-%D7%90%D7%A9%D7%A8%D7%90%D7%99-at-blender-financial-technologies-4445842288?trk=public_jobs_topcard-title,0,False,,2026-08-03T14:51:00
Happly AI,NEW,צפייה,https://www.linkedin.com/jobs/view/4445843208,0,False,,2026-08-03T14:51:00
Happly AI,NEW,צפייה,https://www.linkedin.com/jobs/view/4447643641,0,False,,2026-08-03T14:51:00
Happly AI,NEW,צפייה,https://il.linkedin.com/jobs/view/full-stack-engineer-at-gotfriends-4445845280?trk=public_jobs_topcard-title,0,False,,2026-08-03T14:51:00
Happly AI,NEW,צפייה,https://www.linkedin.com/jobs/view/4445837645,0,False,,2026-08-03T14:51:00
Happly AI,NEW,צפייה,https://il.linkedin.com/jobs/view/drone-technology-research-lead-at-regulus-4447643738?trk=public_jobs_topcard-title,0,False,,2026-08-03T14:51:00
Happly AI,NEW,צפייה,https://il.linkedin.com/jobs/view/data-ai-project-manager-at-one-datai-4445842491?trk=public_jobs_topcard-title,0,False,,2026-08-03T14:51:00
Happly AI,NEW,צפייה,https://il.linkedin.com/jobs/view/red-team-at-madsec-4445852178?trk=public_jobs_topcard-title,0,False,,2026-08-03T14:51:00
Happly AI,NEW,צפייה,https://www.linkedin.com/jobs/view/4447662018,0,False,,2026-08-03T14:51:00
Happly AI,NEW,צפייה,https://www.linkedin.com/jobs/view/4447827187,0,False,,2026-08-03T14:51:00
Happly AI,NEW,צפייה,https://www.linkedin.com/jobs/view/4428580262,0,False,,2026-08-03T14:51:00
Happly AI,NEW,צפייה,https://il.linkedin.com/jobs/view/account-manager-israel-at-sigenergy-4439072866?trk=public_jobs_topcard-title,0,False,,2026-08-03T14:51:00
Happly AI,NEW,צפייה,https://il.linkedin.com/jobs/view/dft-engineer-at-orbit-communication-systems-4447640987?trk=public_jobs_topcard-title,0,False,,2026-08-03T14:51:00
Happly AI,NEW,צפייה,https://il.linkedin.com/jobs/view/quality-inspector-electronics-integrated-systems-jb-4797-at-recruitx-4447873619?trk=public_jobs_topcard-title,0,False,,2026-08-03T14:51:00
Happly AI,NEW,צפייה,https://www.linkedin.com/jobs/view/4447894593,0,False,,2026-08-03T14:51:00
Happly AI,NEW,צפייה,https://il.linkedin.com/jobs/view/marketing-communications-manager-at-barantech-4445847476?trk=public_jobs_topcard-title,0,False,,2026-08-03T14:51:00
Happly AI,NEW,צפייה,https://il.linkedin.com/jobs/view/qa-team-lead-at-orca-ai-4444114521?trk=public_jobs_topcard-title,0,False,,2026-08-03T14:51:00
Happly AI,NEW,צפייה,https://www.linkedin.com/jobs/view/4447805505,0,False,,2026-08-03T14:51:00
Happly AI,NEW,צפייה,https://il.linkedin.com/jobs/view/experienced-account-manager-25263-at-yael-group-4445851285?trk=public_jobs_topcard-title,0,False,,2026-08-03T14:51:00
Happly AI,NEW,צפייה,https://www.linkedin.com/jobs/view/4447883959,0,False,,2026-08-03T14:51:00
Happly AI,NEW,צפייה,https://www.linkedin.com/jobs/view/4447891550,0,False,,2026-08-03T14:51:00
Happly AI,NEW,צפייה,https://www.linkedin.com/jobs/view/4447884705,0,False,,2026-08-03T14:51:00
Happly AI,NEW,צפייה,https://www.linkedin.com/jobs/view/4447879706,0,False,,2026-08-03T14:51:00
Happly AI,NEW,צפייה,https://www.linkedin.com/jobs/view/4445845375,0,False,,2026-08-03T14:51:00
Happly AI,NEW,צפייה,https://il.linkedin.com/jobs/view/radio-frequency-engineer-at-bluebird-aero-systems-ltd-4445851260?trk=public_jobs_topcard-title,0,False,,2026-08-03T14:51:00
Happly AI,NEW,צפייה,https://il.linkedin.com/jobs/view/business-development-representative-at-nbn-connect-4447886412?trk=public_jobs_topcard-title,0,False,,2026-08-03T14:51:00
Happly AI,NEW,צפייה,https://il.linkedin.com/jobs/view/founding-ai-engineer-at-bardin-4445838271?trk=public_jobs_topcard-title,0,False,,2026-08-03T14:51:00
Happly AI,NEW,צפייה,https://il.linkedin.com/jobs/view/chief-operating-officer-at-e2e-solutions-il-4447624914?trk=public_jobs_topcard-title,0,False,,2026-08-03T14:51:00
Happly AI,NEW,צפייה,https://il.linkedin.com/jobs/view/mechanical-designer-at-adar-thermal-systems-solutions-4445841345?trk=public_jobs_topcard-title,0,False,,2026-08-03T14:51:00
Happly AI,NEW,צפייה,https://il.linkedin.com/jobs/view/%D7%94%D7%A0%D7%93%D7%A1%D7%94-at-ofkit-technologies-ltd-4443226882?trk=public_jobs_topcard-title,0,False,,2026-08-03T14:51:00
Happly AI,NEW,צפייה,https://il.linkedin.com/jobs/view/r-d-mechanical-engineer-at-netafim-4441791015?trk=public_jobs_topcard-title,0,False,,2026-08-03T14:51:00
Happly AI,NEW,צפייה,https://www.linkedin.com/jobs/view/4378460103,0,False,,2026-08-03T14:51:00
Happly AI,NEW,צפייה,https://il.linkedin.com/jobs/view/quality-assurance-manager-at-netafim-4439414057?trk=public_jobs_topcard-title,0,False,,2026-08-03T14:51:00
Happly AI,NEW,צפייה,https://www.linkedin.com/jobs/view/4445840365,0,False,,2026-08-03T14:51:00
Happly AI,NEW,צפייה,https://www.linkedin.com/jobs/view/4447889385,0,False,,2026-08-03T14:51:00
Happly AI,NEW,צפייה,https://il.linkedin.com/jobs/view/quality-engineer-at-rewalk-personal-exoskeleton-4445850229?trk=public_jobs_topcard-title,0,False,,2026-08-03T14:51:00
Happly AI,NEW,צפייה,https://il.linkedin.com/jobs/view/quality-assurance-specialist-at-hr-hadarly-4447875871?trk=public_jobs_topcard-title,0,False,,2026-08-03T14:51:00
Happly AI,NEW,צפייה,https://il.linkedin.com/jobs/view/mechanical-designer-electronic-packaging-at-recrutix-4447885637?trk=public_jobs_topcard-title,0,False,,2026-08-03T14:51:00
Happly AI,NEW,צפייה,https://www.linkedin.com/jobs/view/4401801045,0,False,,2026-08-03T14:51:00
Happly AI,NEW,צפייה,https://il.linkedin.com/jobs/view/purchasing-manager-at-hr-hadarly-4447877967?trk=public_jobs_topcard-title,0,False,,2026-08-03T14:51:00
Happly AI,NEW,צפייה,https://www.linkedin.com/jobs/view/4447881696,0,False,,2026-08-03T14:51:00
Happly AI,NEW,צפייה,https://www.linkedin.com/jobs/view/4447644570,0,False,,2026-08-03T14:51:00
Happly AI,NEW,צפייה,https://www.linkedin.com/jobs/view/4447638680,0,False,,2026-08-03T14:51:00
Happly AI,NEW,צפייה,https://www.linkedin.com/jobs/view/4377765288,0,False,,2026-08-03T14:51:00
Happly AI,NEW,צפייה,https://il.linkedin.com/jobs/view/manufacturing-engineer-at-uvision-group-4447875552?trk=public_jobs_topcard-title,0,False,,2026-08-03T14:51:00
Happly AI,NEW,צפייה,https://www.linkedin.com/jobs/view/4447875808,0,False,,2026-08-03T14:51:00
Happly AI,NEW,צפייה,https://il.linkedin.com/jobs/view/human-resources-business-partner-at-taglit-group-a-s-4445839682?trk=public_jobs_topcard-title,0,False,,2026-08-03T14:51:00
Happly AI,NEW,צפייה,https://il.linkedin.com/jobs/view/campaign-manager-at-skyers-4445837394?trk=public_jobs_topcard-title,0,False,,2026-08-03T14:51:00
Happly AI,NEW,צפייה,https://www.linkedin.com/jobs/view/4399956081,0,False,,2026-08-03T14:51:00
Happly AI,NEW,צפייה,https://www.linkedin.com/jobs/view/4447607216,0,False,,2026-08-03T14:51:00
Happly AI,NEW,צפייה,https://il.linkedin.com/jobs/view/salesforce-consultant-at-yael-group-4445850434?trk=public_jobs_topcard-title,0,False,,2026-08-03T14:51:00
Happly AI,NEW,צפייה,https://il.linkedin.com/jobs/view/magento-developer-at-dialog-4445851323?trk=public_jobs_topcard-title,0,False,,2026-08-03T14:51:00
Happly AI,NEW,צפייה,https://il.linkedin.com/jobs/view/senior-salesforce-consultant-at-asperii-4445843180?trk=public_jobs_topcard-title,0,False,,2026-08-03T14:51:00
Happly AI,NEW,צפייה,https://il.linkedin.com/jobs/view/customer-service-agent-at-global-e-4447895281?trk=public_jobs_topcard-title,0,False,,2026-08-03T14:51:00
Happly AI,NEW,צפייה,https://il.linkedin.com/jobs/view/technology-recruitment-coordinator-at-malamteam-4447886658?trk=public_jobs_topcard-title,0,False,,2026-08-03T14:51:00
Happly AI,NEW,צפייה,https://il.linkedin.com/jobs/view/senior-software-engineer-at-nisha-group-%D7%A7%D7%91%D7%95%D7%A6%D7%AA-%D7%A0%D7%99%D7%A9%D7%94-4445839565?trk=public_jobs_topcard-title,0,False,,2026-08-03T14:51:00
Happly AI,NEW,צפייה,https://www.linkedin.com/jobs/view/4445850273,0,False,,2026-08-03T14:51:00
Happly AI,NEW,צפייה,https://il.linkedin.com/jobs/view/global-customer-operations-representative-at-netafim-4438996125?trk=public_jobs_topcard-title,0,False,,2026-08-03T14:51:00
Happly AI,NEW,צפייה,https://il.linkedin.com/jobs/view/content-writers-manager-at-plasbit-4445855200?trk=public_jobs_topcard-title,0,False,,2026-08-03T14:51:00
Happly AI,NEW,צפייה,https://il.linkedin.com/jobs/view/creative-manager-at-playtika-4445856186?trk=public_jobs_topcard-title,0,False,,2026-08-03T14:51:00
Happly AI,NEW,צפייה,https://il.linkedin.com/jobs/view/marketing-analyst-sem-remote-at-growth-commerce-4445852122?trk=public_jobs_topcard-title,0,False,,2026-08-03T14:51:00
Happly AI,NEW,צפייה,https://il.linkedin.com/jobs/view/financial-consultant-manager-at-deloitte-4437111107?trk=public_jobs_topcard-title,0,False,,2026-08-03T14:51:00
Happly AI,NEW,צפייה,https://il.linkedin.com/jobs/view/procurement-administration-manager-at-z21-projects-4442851612?trk=public_jobs_topcard-title,0,False,,2026-08-03T14:51:00
Happly AI,NEW,צפייה,https://www.linkedin.com/jobs/view/4447890237,0,False,,2026-08-03T14:51:00
Happly AI,NEW,צפייה,https://il.linkedin.com/jobs/view/senior-performance-marketing-manager-at-360up-4445848087?trk=public_jobs_topcard-title,0,False,,2026-08-03T14:51:00
Happly AI,NEW,צפייה,https://www.linkedin.com/jobs/view/4445858163,0,False,,2026-08-03T14:51:00
Happly AI,NEW,צפייה,https://www.linkedin.com/jobs/view/4447647740,0,False,,2026-08-03T14:51:00
Happly AI,NEW,צפייה,https://www.linkedin.com/jobs/view/4354512804,0,False,,2026-08-03T14:51:00
Happly AI,NEW,צפייה,https://il.linkedin.com/jobs/view/office-and-operations-manager-at-strix-drones-4445858351?trk=public_jobs_topcard-title,0,False,,2026-08-03T14:51:00
Happly AI,NEW,צפייה,https://www.linkedin.com/jobs/view/4399724914,0,False,,2026-08-03T14:51:00
Happly AI,NEW,צפייה,https://il.linkedin.com/jobs/view/technical-sales-engineer-at-gil-ad-sage-agencies-ltd-4445854030?trk=public_jobs_topcard-title,0,False,,2026-08-03T14:51:00
Happly AI,NEW,צפייה,https://www.linkedin.com/jobs/view/4445844189,0,False,,2026-08-03T14:51:00
Happly AI,NEW,צפייה,https://il.linkedin.com/jobs/view/paid-social-marketing-manager-remote-at-growth-commerce-4445853088?trk=public_jobs_topcard-title,0,False,,2026-08-03T14:51:00
Happly AI,NEW,צפייה,https://il.linkedin.com/jobs/view/product-manager-at-r2net-inc-4448100080?trk=public_jobs_topcard-title,0,False,,2026-08-03T14:51:00
Happly AI,NEW,צפייה,https://il.linkedin.com/jobs/view/quality-manager-at-uwork-4445847303?trk=public_jobs_topcard-title,0,False,,2026-08-03T14:51:00
Happly AI,NEW,צפייה,https://il.linkedin.com/jobs/view/genai-engineering-manager-at-cellebrite-4410825033?trk=public_jobs_topcard-title,0,False,,2026-08-03T14:51:00
Happly AI,NEW,צפייה,https://il.linkedin.com/jobs/view/senior-in-app-ad-operations-manager-at-yarden-abramovich-hr-consulting-4447882383?trk=public_jobs_topcard-title,0,False,,2026-08-03T14:51:00
Happly AI,NEW,צפייה,https://www.linkedin.com/jobs/view/4390885447,0,False,,2026-08-03T14:51:00
Happly AI,NEW,צפייה,https://il.linkedin.com/jobs/view/sales-account-executive-at-allcloud-4447882433?trk=public_jobs_topcard-title,0,False,,2026-08-03T14:51:00
Happly AI,NEW,צפייה,https://il.linkedin.com/jobs/view/project-manager-at-abra-4447884714?trk=public_jobs_topcard-title,0,False,,2026-08-03T14:51:00
Happly AI,NEW,צפייה,https://www.linkedin.com/jobs/view/4348795748,0,False,,2026-08-03T14:51:00
Happly AI,NEW,צפייה,https://il.linkedin.com/jobs/view/quality-assurance-team-lead-at-sivi-tech-%D7%92%D7%99%D7%95%D7%A1-%D7%90%D7%99%D7%9B%D7%95%D7%AA%D7%99-%D7%91%D7%94%D7%99%D7%99%D7%98%D7%A7-4445841529?trk=public_jobs_topcard-title,0,False,,2026-08-03T14:51:00
Happly AI,NEW,צפייה,https://il.linkedin.com/jobs/view/director-of-engineering-ai-at-port-io-4438977650?trk=public_jobs_topcard-title,0,False,,2026-08-03T14:51:00
Happly AI,NEW,צפייה,https://www.linkedin.com/jobs/view/4437228103,0,False,,2026-08-03T14:51:00
Happly AI,NEW,צפייה,https://il.linkedin.com/jobs/view/engineering-manager-at-medulla-4447873904?trk=public_jobs_topcard-title,0,False,,2026-08-03T14:51:00
80K (EightyK),NEW,למשרה,https://www.comeet.com/jobs/supercom/46.00A/junior-qa-automation-engineer/74.F6F,0,False,,2026-08-03T14:51:05
80K (EightyK),NEW,למשרה,https://www.sentinelone.com/jobs/?gh_jid=7816787003,0,False,,2026-08-03T14:51:05
80K (EightyK),NEW,Check Point,https://eightyk.co.il/companies/check-point-software,0,False,,2026-08-03T14:51:05
80K (EightyK),NEW,למשרה,https://www.global-e.com/careers/23-f62/,0,False,,2026-08-03T14:51:05
80K (EightyK),NEW,למשרה,https://kla.wd1.myworkdayjobs.com/Search/job/Migdal-Haemek-Israel/Motion-Control-Student_2639078-1,0,False,,2026-08-03T14:51:05
80K (EightyK),NEW,למשרה,https://www.superplay.co/careers-position/54.F61/?Share,0,False,,2026-08-03T14:51:05
80K (EightyK),NEW,Cato Networks,https://eightyk.co.il/companies/cato-networks,0,False,,2026-08-03T14:51:05
80K (EightyK),NEW,למשרה,https://www.catonetworks.com/careers/careers-post/4693977101?gh_jid=4693977101,0,False,,2026-08-03T14:51:05
Malam Mertens,NEW,"לפרטים והמשך שליחת קו""ח",https://mertens.malam.com/%d7%a7%d7%a8%d7%99%d7%99%d7%a8%d7%94-%d7%91%d7%9e%d7%a8%d7%98%d7%a0%d7%a1-%d7%a8%d7%92%d7%99%d7%9c/?jid=37179,0,False,,2026-08-03T14:51:12
Malam Mertens,NEW,"לפרטים והמשך שליחת קו""ח",https://mertens.malam.com/%d7%a7%d7%a8%d7%99%d7%99%d7%a8%d7%94-%d7%91%d7%9e%d7%a8%d7%98%d7%a0%d7%a1-%d7%a8%d7%92%d7%99%d7%9c/?jid=37174,0,False,,2026-08-03T14:51:12
Adam Total (Harel),NEW,לפרטים והגשת מועמדות,https://career.adamtotal.co.il/Jobs/JobDetails?token=NWk1WHJWZkVhOEFXdFROZnNleGR5a21kZllIaGd2WU5MUVJoaDROTFdOTzZjQjdUM2JOUVMyYjRXYU50YU1tQ1IyeERKcWk3UTcxK3BFTmRjamM2VVE9PQ==&shr=&eid=,0,False,,2026-08-03T14:51:19
Phoenix (fnx),NEW,נציג/ת ביטוח חיות מחמד SMART SMART פרטים נוספים,https://www.fnx.co.il/career/open-positions/50056331,0,False,,2026-08-03T14:51:23
Phoenix (fnx),NEW,מנהל/ת חשבונות כספים פרטים נוספים,https://www.fnx.co.il/career/open-positions/50029667,0,False,,2026-08-03T14:51:23
Migdal,NEW,איתור שרברבים,https://www.migdal.co.il/plumbers-locator,0,False,,2026-08-03T14:51:28
Clal Insurance,NEW,הגשת מועמדות,https://www.clalbit.co.il/careers/candidacy/?txtjobId=50089591,0,False,,2026-08-03T14:51:32
Altshuler Shaham,NEW,"# 198752 גוש דן 3/8/2026 מנהל/ת משרד לחברת אשראי לעסקים איך יראה היום שלך?   

      ניהול ותפעול תחומי האדמיניסטרציה 

ניהול לוח זמנים ויומן פגישות. 

ריכוז והכנת חומרים ומסמכים. 

מענה טלפוני, הקלדת מכתבים ומסמכים. 

טיפול ברכש, כיבוד, ציוד משרדי וניהול מערך האירוח. 

אחריות תפעול של חדרי הישיבות. 

השתתפות",https://careers.topmatch.co.il/AltshulerShaham/redmatch-apply/redmatch.apply.html?compPositionID=198752,20,False,location,2026-08-03T14:52:57
